{"inputUnits":[34],"outputUnits":2,"inputs":{"0":{"dtype":"number","min":296.8882686154852,"max":334.36208999574416},"1":{"dtype":"number","min":47.51049056591228,"max":139.09080535057453},"2":{"dtype":"number","min":306.8291060748267,"max":344.07146884309645},"3":{"dtype":"number","min":39.93101346353613,"max":131.69117612133695},"4":{"dtype":"number","min":288.56001204553746,"max":326.42744606107124},"5":{"dtype":"number","min":39.451949883991645,"max":132.88873457259243},"6":{"dtype":"number","min":320.8748605928532,"max":358.1886859997701},"7":{"dtype":"number","min":50.03088568898954,"max":138.44208476144516},"8":{"dtype":"number","min":275.87520762640213,"max":314.25851755105106},"9":{"dtype":"number","min":47.34878658784503,"max":140.04302859770186},"10":{"dtype":"number","min":335.61878248875246,"max":369.47186896773167},"11":{"dtype":"number","min":99.23058179565905,"max":203.90772066227657},"12":{"dtype":"number","min":251.32753602261673,"max":303.1860209067972},"13":{"dtype":"number","min":98.06101758192486,"max":197.30544405688573},"14":{"dtype":"number","min":354.60431792856656,"max":388.482417837655},"15":{"dtype":"number","min":157.35753975953574,"max":279.0072394345057},"16":{"dtype":"number","min":231.37837628910052,"max":284.3832421210026},"17":{"dtype":"number","min":166.82177591880472,"max":274.91096645013835},"18":{"dtype":"number","min":333.23375182393,"max":431.5446549352505},"19":{"dtype":"number","min":198.52583636569608,"max":337.67079631642144},"20":{"dtype":"number","min":191.44956536793987,"max":281.655941380601},"21":{"dtype":"number","min":221.80370405026446,"max":343.88234179307517},"22":{"dtype":"number","min":317.853158438716,"max":363.6646362779669},"23":{"dtype":"number","min":217.64636562955985,"max":321.99437182237205},"24":{"dtype":"number","min":264.29189125387586,"max":308.2930236103934},"25":{"dtype":"number","min":220.86460692409412,"max":317.0744533019307},"26":{"dtype":"number","min":332.52281337396647,"max":379.50647257645306},"27":{"dtype":"number","min":322.01463751291953,"max":358.62308914095513},"28":{"dtype":"number","min":233.0214403204417,"max":285.950224167642},"29":{"dtype":"number","min":322.4073444173494,"max":349.279253176678},"30":{"dtype":"number","min":355.4193510062964,"max":383.53900597717046},"31":{"dtype":"number","min":445.83509155748425,"max":492.4300470611929},"32":{"dtype":"number","min":240.34001079514798,"max":273.7769938071878},"33":{"dtype":"number","min":451.9260652890929,"max":472.0267180802757}},"outputs":{"0":{"dtype":"string","min":0,"max":1,"uniqueValues":["0","1"],"legend":{"0":[1,0],"1":[0,1]}}},"isNormalized":true}