{"inputUnits":[34],"outputUnits":2,"inputs":{"0":{"dtype":"number","min":274.0243064197585,"max":322.84677913680616},"1":{"dtype":"number","min":97.86543909213887,"max":434.76749939677313},"2":{"dtype":"number","min":292.4930557666586,"max":357.1745408648183},"3":{"dtype":"number","min":58.35786455800098,"max":419.1370935106092},"4":{"dtype":"number","min":257.69643939422724,"max":302.67595224343387},"5":{"dtype":"number","min":59.657460965998894,"max":406.5858981952593},"6":{"dtype":"number","min":324.186849037497,"max":392.83756241260335},"7":{"dtype":"number","min":60.743876060159295,"max":397.41235324844774},"8":{"dtype":"number","min":213.17655333285202,"max":282.55220287040976},"9":{"dtype":"number","min":62.1166291589403,"max":378.62529591363693},"10":{"dtype":"number","min":316.8564255413842,"max":427.0426923106153},"11":{"dtype":"number","min":183.06463219312377,"max":473.3652796170127},"12":{"dtype":"number","min":177.39979309794504,"max":387.58697391020183},"13":{"dtype":"number","min":187.8759076901447,"max":459.9720485108372},"14":{"dtype":"number","min":310.14859151283594,"max":503.7642779517267},"15":{"dtype":"number","min":316.4481772337442,"max":560.8799918801868},"16":{"dtype":"number","min":107.64732271780764,"max":363.06938854173},"17":{"dtype":"number","min":333.41000805569064,"max":556.6572489163291},"18":{"dtype":"number","min":312.7818084598051,"max":508.2602124640914},"19":{"dtype":"number","min":439.4478337031858,"max":571.3454119611807},"20":{"dtype":"number","min":101.17964926396826,"max":392.52174941482247},"21":{"dtype":"number","min":400.14164906067606,"max":568.8791451658257},"22":{"dtype":"number","min":307.8173341268695,"max":427.0147170723644},"23":{"dtype":"number","min":343.44322234276206,"max":565.743937214061},"24":{"dtype":"number","min":194.56814984867083,"max":360.413672747779},"25":{"dtype":"number","min":346.56084231365514,"max":567.6058116868312},"26":{"dtype":"number","min":312.08295888937863,"max":455.0513419659685},"27":{"dtype":"number","min":440.9178206150634,"max":568.4516865177377},"28":{"dtype":"number","min":95.7607022890321,"max":357.0207364271587},"29":{"dtype":"number","min":416.91884081651267,"max":568.2722811569035},"30":{"dtype":"number","min":316.701238164642,"max":491.6249054786296},"31":{"dtype":"number","min":520.0250817087374,"max":570.1493972006475},"32":{"dtype":"number","min":110.08900386350165,"max":359.9413911099564},"33":{"dtype":"number","min":490.0695408921298,"max":571.231337966622}},"outputs":{"0":{"dtype":"string","min":0,"max":1,"uniqueValues":["0","1"],"legend":{"0":[1,0],"1":[0,1]}}},"isNormalized":true}