{"inputUnits":[34],"outputUnits":3,"inputs":{"0":{"dtype":"number","min":252.29485227350602,"max":474.41123174180296},"1":{"dtype":"number","min":15.696613096121922,"max":408.3268128036291},"2":{"dtype":"number","min":260.9087267721373,"max":478.20636897988715},"3":{"dtype":"number","min":10.841610557154596,"max":396.0064462286222},"4":{"dtype":"number","min":244.56411558749846,"max":479.3722189890246},"5":{"dtype":"number","min":9.628475553575768,"max":394.48059260496615},"6":{"dtype":"number","min":272.3841646726136,"max":477.8092925311529},"7":{"dtype":"number","min":19.03211344520018,"max":395.52818164490816},"8":{"dtype":"number","min":232.3093216507523,"max":453.8240054243954},"9":{"dtype":"number","min":16.78837707400554,"max":397.6258331060874},"10":{"dtype":"number","min":291.1566376267818,"max":484.6982210096095},"11":{"dtype":"number","min":81.7977769937199,"max":450.3816648486994},"12":{"dtype":"number","min":181.13355134662828,"max":467.62106674224077},"13":{"dtype":"number","min":78.82773973788434,"max":460.5280483907659},"14":{"dtype":"number","min":292.84508242244607,"max":518.3395220661721},"15":{"dtype":"number","min":145.20732619376673,"max":511.6216577005665},"16":{"dtype":"number","min":84.69291523418464,"max":457.3956353854947},"17":{"dtype":"number","min":142.62226394742552,"max":541.174712004485},"18":{"dtype":"number","min":294.19843112283746,"max":531.7420968395925},"19":{"dtype":"number","min":114.74966097528704,"max":496.6224425020273},"20":{"dtype":"number","min":65.317662408245,"max":495.4130378708272},"21":{"dtype":"number","min":113.77200002093991,"max":547.4900892231664},"22":{"dtype":"number","min":274.1208682887503,"max":498.05367557161264},"23":{"dtype":"number","min":212.79587238155608,"max":549.764899240832},"24":{"dtype":"number","min":142.298234787136,"max":488.57394153379323},"25":{"dtype":"number","min":210.81111142045108,"max":549.8755287334003},"26":{"dtype":"number","min":251.87932778520192,"max":517.9702346831501},"27":{"dtype":"number","min":317.2612252337658,"max":553.0085120842471},"28":{"dtype":"number","min":104.86294811464424,"max":503.97333572714876},"29":{"dtype":"number","min":315.29424566971625,"max":551.4336230183205},"30":{"dtype":"number","min":199.28337587947732,"max":513.9482964409722},"31":{"dtype":"number","min":430.43331153676286,"max":561.9499370136224},"32":{"dtype":"number","min":81.0027168972915,"max":515.8415504738136},"33":{"dtype":"number","min":446.01294623480896,"max":563.4881681029559}},"outputs":{"0":{"dtype":"string","min":0,"max":1,"uniqueValues":["0","1","2"],"legend":{"0":[1,0,0],"1":[0,1,0],"2":[0,0,1]}}},"isNormalized":true}