{"inputUnits":[34],"outputUnits":2,"inputs":{"0":{"dtype":"number","min":314.11013443646266,"max":324.12056473906404},"1":{"dtype":"number","min":211.72221024212672,"max":420.43783224974163},"2":{"dtype":"number","min":327.77480069765323,"max":342.97408760753586},"3":{"dtype":"number","min":196.896848567265,"max":408.37378119680204},"4":{"dtype":"number","min":297.0268326696255,"max":311.7945481830998},"5":{"dtype":"number","min":196.24172908322822,"max":410.416785807925},"6":{"dtype":"number","min":349.7743812887585,"max":363.9923285695829},"7":{"dtype":"number","min":216.02277228804417,"max":423.468289505183},"8":{"dtype":"number","min":278.71268940343003,"max":296.1031023908682},"9":{"dtype":"number","min":215.02314942356213,"max":432.9195003286874},"10":{"dtype":"number","min":370.70329480597945,"max":397.46221045111866},"11":{"dtype":"number","min":307.8010291904791,"max":469.11213440653876},"12":{"dtype":"number","min":244.53176891757357,"max":279.5759441509321},"13":{"dtype":"number","min":315.7948294316748,"max":480.7602442284966},"14":{"dtype":"number","min":375.6149090124939,"max":478.66177874316503},"15":{"dtype":"number","min":364.89808791342415,"max":526.0265169255001},"16":{"dtype":"number","min":188.8664429660901,"max":289.6380935847063},"17":{"dtype":"number","min":410.84260814384726,"max":527.0397569233342},"18":{"dtype":"number","min":351.00711451430266,"max":531.1659436652633},"19":{"dtype":"number","min":327.1889201954645,"max":528.6166904315875},"20":{"dtype":"number","min":167.73866942884393,"max":311.1099379721319},"21":{"dtype":"number","min":374.68093337715834,"max":529.883779087883},"22":{"dtype":"number","min":356.5180672374681,"max":408.51694426184037},"23":{"dtype":"number","min":498.26275658514714,"max":547.7533487401583},"24":{"dtype":"number","min":254.55376413545721,"max":314.63152132145626},"25":{"dtype":"number","min":502.56216561284043,"max":558.5285219422574},"26":{"dtype":"number","min":277.6803220756323,"max":490.40918253739056},"27":{"dtype":"number","min":498.2523853584022,"max":565.1491056805919},"28":{"dtype":"number","min":223.96041810744467,"max":326.8547984319902},"29":{"dtype":"number","min":537.4522002105119,"max":571.9588378431268},"30":{"dtype":"number","min":269.38647199697533,"max":525.065634167148},"31":{"dtype":"number","min":493.16548269546445,"max":581.9414333239604},"32":{"dtype":"number","min":195.86546100067258,"max":352.6978120915157},"33":{"dtype":"number","min":548.7331417098584,"max":579.3212748130472}},"outputs":{"0":{"dtype":"string","min":0,"max":1,"uniqueValues":["0","1"],"legend":{"0":[1,0],"1":[0,1]}}},"isNormalized":true}