{"inputUnits":[34],"outputUnits":4,"inputs":{"0":{"dtype":"number","min":220.70648312104817,"max":384.1307335048334},"1":{"dtype":"number","min":11.60190448686771,"max":167.52720933016172},"2":{"dtype":"number","min":228.27937619695405,"max":401.24738967836134},"3":{"dtype":"number","min":-1.563477126540846,"max":160.5434871925918},"4":{"dtype":"number","min":210.69034205336516,"max":378.44579793135944},"5":{"dtype":"number","min":-0.13837040630295405,"max":157.54708538723364},"6":{"dtype":"number","min":244.68806225965923,"max":416.44954696239665},"7":{"dtype":"number","min":6.94168743920234,"max":172.7925056427833},"8":{"dtype":"number","min":197.60720902379848,"max":358.63349428436635},"9":{"dtype":"number","min":4.824735292664769,"max":163.06899846295903},"10":{"dtype":"number","min":257.3202455275717,"max":421.91111167581164},"11":{"dtype":"number","min":66.13868802437986,"max":229.49120963130014},"12":{"dtype":"number","min":180.2246782473553,"max":323.34974622911983},"13":{"dtype":"number","min":61.22344851957686,"max":218.94812914184098},"14":{"dtype":"number","min":288.38761741549126,"max":436.3474861471569},"15":{"dtype":"number","min":103.7360996587731,"max":295.78995997803685},"16":{"dtype":"number","min":157.33149368939232,"max":296.0374302251794},"17":{"dtype":"number","min":108.14328442287817,"max":277.97658192972267},"18":{"dtype":"number","min":264.3799647468537,"max":465.4847735096972},"19":{"dtype":"number","min":56.33898308304961,"max":329.9654854503587},"20":{"dtype":"number","min":131.95558540552042,"max":294.71045586849465},"21":{"dtype":"number","min":50.58664166046023,"max":319.43551185993834},"22":{"dtype":"number","min":247.87213811614635,"max":383.80601934885703},"23":{"dtype":"number","min":190.2653449982521,"max":343.8415123609253},"24":{"dtype":"number","min":188.84868696042074,"max":326.84830127523105},"25":{"dtype":"number","min":188.17955521757966,"max":333.6571315661479},"26":{"dtype":"number","min":245.4992016744057,"max":392.16868953482185},"27":{"dtype":"number","min":289.7068958801982,"max":421.4849770393817},"28":{"dtype":"number","min":186.8861941326453,"max":336.44093554307517},"29":{"dtype":"number","min":293.5677756224161,"max":385.4521339505563},"30":{"dtype":"number","min":226.68403358311042,"max":382.3816107961454},"31":{"dtype":"number","min":436.1143122572844,"max":501.4594491446528},"32":{"dtype":"number","min":166.24787564407526,"max":339.2319592427651},"33":{"dtype":"number","min":432.67161744114026,"max":475.93892524214573}},"outputs":{"0":{"dtype":"string","min":0,"max":1,"uniqueValues":["0","1","2","4"],"legend":{"0":[1,0,0,0],"1":[0,1,0,0],"2":[0,0,1,0],"4":[0,0,0,1]}}},"isNormalized":true}